molecule_name,pIC50
CHEMBL133897,5.8778737409936115
CHEMBL336398,4.949799761052905
CHEMBL131588,6.427849250004259
CHEMBL130628,5.96283330604763
CHEMBL130478,7.179553297581821
